<?xml version="1.0" ?>

<SEARCH>
	<GRAPH>
		<DESCRIPTION>
			<SHORT></SHORT>
			<DETAILED></DETAILED>
		</DESCRIPTION>

		<!-- Node Definitions -->

		<NODE>
			<NAME>inicio</NAME>
			<INDEX>0</INDEX>
			<XPOS>7899.882</XPOS>
			<YPOS>5407.0156</YPOS>
			<TYPE>START</TYPE>
			<HEURISTICVALUE>44.0</HEURISTICVALUE>
		</NODE>

		<!-- Node Definitions -->

		<NODE>
			<NAME>Uno(1)</NAME>
			<INDEX>1</INDEX>
			<XPOS>8112.809</XPOS>
			<YPOS>5155.785</YPOS>
			<TYPE>REGULAR</TYPE>
			<HEURISTICVALUE>29.0</HEURISTICVALUE>
		</NODE>

		<!-- Node Definitions -->

		<NODE>
			<NAME>Dos(2)</NAME>
			<INDEX>2</INDEX>
			<XPOS>8122.624</XPOS>
			<YPOS>5416.789</YPOS>
			<TYPE>REGULAR</TYPE>
			<HEURISTICVALUE>29.0</HEURISTICVALUE>
		</NODE>

		<!-- Node Definitions -->

		<NODE>
			<NAME>Tres(3)</NAME>
			<INDEX>3</INDEX>
			<XPOS>8128.5386</XPOS>
			<YPOS>5697.331</YPOS>
			<TYPE>REGULAR</TYPE>
			<HEURISTICVALUE>28.0</HEURISTICVALUE>
		</NODE>

		<!-- Node Definitions -->

		<NODE>
			<NAME>Tres(1,3)</NAME>
			<INDEX>4</INDEX>
			<XPOS>8427.153</XPOS>
			<YPOS>5183.307</YPOS>
			<TYPE>REGULAR</TYPE>
			<HEURISTICVALUE>13.0</HEURISTICVALUE>
		</NODE>

		<!-- Node Definitions -->

		<NODE>
			<NAME>Dos(1,2)</NAME>
			<INDEX>5</INDEX>
			<XPOS>8423.341</XPOS>
			<YPOS>5059.298</YPOS>
			<TYPE>REGULAR</TYPE>
			<HEURISTICVALUE>14.0</HEURISTICVALUE>
		</NODE>

		<!-- Node Definitions -->

		<NODE>
			<NAME>Uno(2,1)</NAME>
			<INDEX>6</INDEX>
			<XPOS>8417.972</XPOS>
			<YPOS>5328.6655</YPOS>
			<TYPE>REGULAR</TYPE>
			<HEURISTICVALUE>18.0</HEURISTICVALUE>
		</NODE>

		<!-- Node Definitions -->

		<NODE>
			<NAME>Tres(2,3)</NAME>
			<INDEX>7</INDEX>
			<XPOS>8416.066</XPOS>
			<YPOS>5469.498</YPOS>
			<TYPE>REGULAR</TYPE>
			<HEURISTICVALUE>17.0</HEURISTICVALUE>
		</NODE>

		<!-- Node Definitions -->

		<NODE>
			<NAME>Uno(3,1)</NAME>
			<INDEX>8</INDEX>
			<XPOS>8417.481</XPOS>
			<YPOS>5606.7153</YPOS>
			<TYPE>REGULAR</TYPE>
			<HEURISTICVALUE>21.0</HEURISTICVALUE>
		</NODE>

		<!-- Node Definitions -->

		<NODE>
			<NAME>Dos(3,2)</NAME>
			<INDEX>9</INDEX>
			<XPOS>8417.434</XPOS>
			<YPOS>5742.702</YPOS>
			<TYPE>REGULAR</TYPE>
			<HEURISTICVALUE>21.0</HEURISTICVALUE>
		</NODE>

		<!-- Node Definitions -->

		<NODE>
			<NAME>Tres(1,2,3)</NAME>
			<INDEX>10</INDEX>
			<XPOS>8789.428</XPOS>
			<YPOS>5124.284</YPOS>
			<TYPE>REGULAR</TYPE>
			<HEURISTICVALUE>2.0</HEURISTICVALUE>
		</NODE>

		<!-- Node Definitions -->

		<NODE>
			<NAME>Uno(1,2,3)</NAME>
			<INDEX>11</INDEX>
			<XPOS>8786.998</XPOS>
			<YPOS>5647.4023</YPOS>
			<TYPE>REGULAR</TYPE>
			<HEURISTICVALUE>10.0</HEURISTICVALUE>
		</NODE>

		<!-- Node Definitions -->

		<NODE>
			<NAME>meta</NAME>
			<INDEX>12</INDEX>
			<XPOS>9012.119</XPOS>
			<YPOS>5400.0312</YPOS>
			<TYPE>GOAL</TYPE>
			<HEURISTICVALUE>0.0</HEURISTICVALUE>
		</NODE>

		<!-- Node Definitions -->

		<NODE>
			<NAME>Dos(1,2,3)</NAME>
			<INDEX>13</INDEX>
			<XPOS>8660.813</XPOS>
			<YPOS>5402.0376</YPOS>
			<TYPE>REGULAR</TYPE>
			<HEURISTICVALUE>6.0</HEURISTICVALUE>
		</NODE>

		<!-- Edge Definitions -->

		<EDGE>
			<STARTINDEX>0</STARTINDEX>
			<ENDINDEX>1</ENDINDEX>
			<COST>23.0</COST>
		</EDGE>
		<EDGE>
			<STARTINDEX>0</STARTINDEX>
			<ENDINDEX>2</ENDINDEX>
			<COST>17.0</COST>
		</EDGE>
		<EDGE>
			<STARTINDEX>0</STARTINDEX>
			<ENDINDEX>3</ENDINDEX>
			<COST>16.0</COST>
		</EDGE>
		<EDGE>
			<STARTINDEX>1</STARTINDEX>
			<ENDINDEX>4</ENDINDEX>
			<COST>16.0</COST>
		</EDGE>
		<EDGE>
			<STARTINDEX>1</STARTINDEX>
			<ENDINDEX>5</ENDINDEX>
			<COST>17.0</COST>
		</EDGE>
		<EDGE>
			<STARTINDEX>2</STARTINDEX>
			<ENDINDEX>6</ENDINDEX>
			<COST>21.0</COST>
		</EDGE>
		<EDGE>
			<STARTINDEX>9</STARTINDEX>
			<ENDINDEX>11</ENDINDEX>
			<COST>21.0</COST>
		</EDGE>
		<EDGE>
			<STARTINDEX>2</STARTINDEX>
			<ENDINDEX>7</ENDINDEX>
			<COST>12.0</COST>
		</EDGE>
		<EDGE>
			<STARTINDEX>3</STARTINDEX>
			<ENDINDEX>8</ENDINDEX>
			<COST>23.0</COST>
		</EDGE>
		<EDGE>
			<STARTINDEX>3</STARTINDEX>
			<ENDINDEX>9</ENDINDEX>
			<COST>15.0</COST>
		</EDGE>
		<EDGE>
			<STARTINDEX>10</STARTINDEX>
			<ENDINDEX>12</ENDINDEX>
			<COST>2.0</COST>
		</EDGE>
		<EDGE>
			<STARTINDEX>11</STARTINDEX>
			<ENDINDEX>12</ENDINDEX>
			<COST>10.0</COST>
		</EDGE>
		<EDGE>
			<STARTINDEX>5</STARTINDEX>
			<ENDINDEX>10</ENDINDEX>
			<COST>12.0</COST>
		</EDGE>
		<EDGE>
			<STARTINDEX>4</STARTINDEX>
			<ENDINDEX>13</ENDINDEX>
			<COST>15.0</COST>
		</EDGE>
		<EDGE>
			<STARTINDEX>6</STARTINDEX>
			<ENDINDEX>10</ENDINDEX>
			<COST>16.0</COST>
		</EDGE>
		<EDGE>
			<STARTINDEX>8</STARTINDEX>
			<ENDINDEX>13</ENDINDEX>
			<COST>17.0</COST>
		</EDGE>
		<EDGE>
			<STARTINDEX>7</STARTINDEX>
			<ENDINDEX>11</ENDINDEX>
			<COST>23.0</COST>
		</EDGE>
		<EDGE>
			<STARTINDEX>13</STARTINDEX>
			<ENDINDEX>12</ENDINDEX>
			<COST>6.0</COST>
		</EDGE>

		<!-- Heuristic Settings -->

		<HEURISTIC value="MANUAL"></HEURISTIC>
		<EDGECOSTS value="MANUAL"></EDGECOSTS>

	</GRAPH>
</SEARCH>
